"日付け","終値","始値","高値","安値","出来高","変化率 %"
"2022年04月01日","6,098.0","6,065.0","6,133.0","6,003.0","2.63M","-1.09%"
"2022年03月31日","6,165.0","6,170.0","6,290.0","6,135.0","3.33M","-1.36%"
"2022年03月30日","6,250.0","6,236.0","6,256.0","6,181.0","3.50M","1.59%"
"2022年03月29日","6,152.0","6,200.0","6,213.0","6,113.0","2.57M","0.41%"
"2022年03月28日","6,127.0","6,164.0","6,186.0","6,101.0","1.68M","-0.70%"
"2022年03月25日","6,170.0","6,200.0","6,263.0","6,151.0","2.09M","0.02%"
"2022年03月24日","6,169.0","6,074.0","6,204.0","6,066.0","2.96M","-0.10%"
"2022年03月23日","6,175.0","6,095.0","6,214.0","6,020.0","4.63M","4.18%"
"2022年03月22日","5,927.0","5,780.0","5,955.0","5,780.0","4.33M","1.68%"
"2022年03月18日","5,829.0","5,695.0","5,837.0","5,673.0","7.11M","3.30%"
"2022年03月17日","5,643.0","5,687.0","5,687.0","5,553.0","4.59M","3.92%"
"2022年03月16日","5,430.0","5,389.0","5,462.0","5,348.0","4.28M","3.76%"
"2022年03月15日","5,233.0","5,144.0","5,283.0","5,128.0","2.99M","1.00%"
"2022年03月14日","5,181.0","5,230.0","5,310.0","5,177.0","2.39M","0.82%"
"2022年03月11日","5,139.0","5,160.0","5,205.0","5,068.0","3.95M","-2.02%"
"2022年03月10日","5,245.0","5,295.0","5,295.0","5,185.0","5.29M","4.94%"
"2022年03月09日","4,998.0","4,980.0","5,102.0","4,907.0","6.40M","4.78%"
"2022年03月08日","4,770.0","4,883.0","4,919.0","4,750.0","6.55M","-3.69%"
"2022年03月07日","4,953.0","4,922.0","5,002.0","4,858.0","7.29M","-6.90%"
"2022年03月04日","5,320.0","5,385.0","5,445.0","5,238.0","4.09M","-2.60%"
"2022年03月03日","5,462.0","5,504.0","5,518.0","5,417.0","2.99M","1.04%"
"2022年03月02日","5,406.0","5,541.0","5,541.0","5,363.0","4.76M","-4.54%"
"2022年03月01日","5,663.0","5,800.0","5,802.0","5,632.0","2.90M","0.23%"
"2022年02月28日","5,650.0","5,631.0","5,752.0","5,606.0","3.56M","-0.19%"
"2022年02月25日","5,661.0","5,542.0","5,688.0","5,511.0","3.40M","2.13%"
"2022年02月24日","5,543.0","5,713.0","5,773.0","5,500.0","4.82M","-4.35%"
"2022年02月22日","5,795.0","5,890.0","5,898.0","5,768.0","2.93M","-3.56%"
"2022年02月21日","6,009.0","6,000.0","6,082.0","5,971.0","2.92M","-1.86%"
"2022年02月18日","6,123.0","6,050.0","6,148.0","6,047.0","2.99M","-0.44%"
"2022年02月17日","6,150.0","5,970.0","6,210.0","5,950.0","5.05M","4.17%"
"2022年02月16日","5,904.0","5,851.0","5,919.0","5,835.0","2.39M","2.66%"
"2022年02月15日","5,751.0","5,861.0","5,867.0","5,711.0","2.93M","-1.15%"
"2022年02月14日","5,818.0","5,895.0","5,953.0","5,810.0","3.48M","-4.21%"
"2022年02月10日","6,074.0","6,060.0","6,074.0","5,980.0","2.54M","1.39%"
"2022年02月09日","5,991.0","5,989.0","6,029.0","5,941.0","2.62M","0.64%"
"2022年02月08日","5,953.0","5,915.0","6,029.0","5,910.0","2.54M","1.10%"
"2022年02月07日","5,888.0","5,950.0","5,969.0","5,805.0","2.71M","-0.37%"
"2022年02月04日","5,910.0","5,845.0","5,943.0","5,815.0","3.14M","0.99%"
"2022年02月03日","5,852.0","5,851.0","6,029.0","5,738.0","5.22M","-3.29%"
"2022年02月02日","6,051.0","5,898.0","6,076.0","5,856.0","4.75M","4.29%"
"2022年02月01日","5,802.0","5,903.0","5,970.0","5,790.0","5.64M","-2.31%"
"2022年01月31日","5,939.0","5,948.0","6,009.0","5,853.0","5.07M","-1.80%"
"2022年01月28日","6,048.0","6,090.0","6,103.0","6,009.0","3.36M","1.51%"
"2022年01月27日","5,958.0","6,208.0","6,252.0","5,934.0","3.66M","-2.57%"
"2022年01月26日","6,115.0","6,180.0","6,198.0","6,087.0","2.78M","-0.91%"
"2022年01月25日","6,171.0","6,263.0","6,313.0","6,136.0","4.04M","-1.89%"
"2022年01月24日","6,290.0","6,198.0","6,329.0","6,121.0","3.45M","-0.13%"
"2022年01月21日","6,298.0","6,286.0","6,328.0","6,185.0","2.70M","-1.24%"
"2022年01月20日","6,377.0","6,326.0","6,439.0","6,245.0","2.86M","-0.11%"
"2022年01月19日","6,384.0","6,549.0","6,586.0","6,346.0","3.44M","-4.33%"
"2022年01月18日","6,673.0","6,750.0","6,778.0","6,631.0","2.19M","-0.15%"
"2022年01月17日","6,683.0","6,661.0","6,753.0","6,593.0","3.28M","-2.59%"
"2022年01月14日","6,861.0","6,950.0","7,037.0","6,790.0","4.19M","-0.36%"
"2022年01月13日","6,886.0","6,876.0","6,919.0","6,840.0","2.56M","-0.16%"
"2022年01月12日","6,897.0","6,784.0","6,905.0","6,766.0","3.30M","1.67%"
"2022年01月11日","6,784.0","6,684.0","6,809.0","6,663.0","3.65M","1.15%"
"2022年01月07日","6,707.0","6,750.0","6,819.0","6,675.0","4.19M","1.13%"
"2022年01月06日","6,632.0","6,740.0","6,755.0","6,621.0","4.26M","-1.24%"
"2022年01月05日","6,715.0","6,650.0","6,728.0","6,583.0","6.52M","3.61%"
"2022年01月04日","6,481.0","6,330.0","6,485.0","6,299.0","4.05M","4.03%"
"2021年12月30日","6,230.0","6,158.0","6,263.0","6,137.0","2.39M","0.55%"
"2021年12月29日","6,196.0","6,298.0","6,322.0","6,190.0","2.30M","-1.05%"
"2021年12月28日","6,262.0","6,209.0","6,273.0","6,159.0","3.15M","2.59%"
"2021年12月27日","6,104.0","6,152.0","6,183.0","6,101.0","1.61M","-1.01%"
"2021年12月24日","6,166.0","6,070.0","6,200.0","6,065.0","3.49M","1.93%"
"2021年12月23日","6,049.0","6,062.0","6,130.0","5,960.0","6.65M","-3.15%"
"2021年12月22日","6,246.0","6,209.0","6,277.0","6,205.0","2.28M","0.05%"
"2021年12月21日","6,243.0","6,293.0","6,309.0","6,206.0","2.72M","1.27%"
"2021年12月20日","6,165.0","6,221.0","6,303.0","6,165.0","2.44M","-2.82%"
"2021年12月17日","6,344.0","6,400.0","6,437.0","6,309.0","4.27M","-1.60%"
"2021年12月16日","6,447.0","6,388.0","6,483.0","6,372.0","3.82M","3.28%"
"2021年12月15日","6,242.0","6,244.0","6,319.0","6,221.0","3.09M","-0.72%"
"2021年12月14日","6,287.0","6,334.0","6,391.0","6,272.0","4.34M","-2.28%"
"2021年12月13日","6,434.0","6,589.0","6,605.0","6,434.0","3.17M","-1.62%"
"2021年12月10日","6,540.0","6,415.0","6,612.0","6,401.0","5.08M","2.17%"
"2021年12月09日","6,401.0","6,625.0","6,649.0","6,367.0","6.20M","-3.48%"
"2021年12月08日","6,632.0","6,615.0","6,676.0","6,548.0","5.33M","-0.73%"
"2021年12月07日","6,681.0","6,676.0","6,715.0","6,606.0","5.04M","-0.22%"
"2021年12月06日","6,696.0","6,842.0","6,922.0","6,686.0","3.18M","-2.13%"
"2021年12月03日","6,842.0","6,701.0","6,861.0","6,645.0","3.33M","2.18%"
"2021年12月02日","6,696.0","6,696.0","6,746.0","6,622.0","3.54M","-0.96%"
"2021年12月01日","6,761.0","6,743.0","6,828.0","6,656.0","4.21M","1.09%"
"2021年11月30日","6,688.0","6,922.0","7,054.0","6,688.0","10.08M","-4.05%"
"2021年11月29日","6,970.0","6,937.0","7,080.0","6,924.0","3.80M","-1.65%"
"2021年11月26日","7,087.0","7,280.0","7,299.0","7,061.0","3.41M","-2.92%"
"2021年11月25日","7,300.0","7,307.0","7,409.0","7,287.0","2.39M","0.23%"
"2021年11月24日","7,283.0","7,360.0","7,460.0","7,261.0","4.26M","-0.63%"
"2021年11月22日","7,329.0","7,243.0","7,353.0","7,221.0","2.30M","0.55%"
"2021年11月19日","7,289.0","7,259.0","7,354.0","7,250.0","3.60M","1.19%"
"2021年11月18日","7,203.0","7,269.0","7,270.0","7,116.0","2.62M","-0.48%"
"2021年11月17日","7,238.0","7,339.0","7,367.0","7,220.0","3.39M","-1.72%"
"2021年11月16日","7,365.0","7,325.0","7,403.0","7,307.0","3.07M","1.28%"
"2021年11月15日","7,272.0","7,313.0","7,330.0","7,242.0","2.80M","-0.37%"
"2021年11月12日","7,299.0","7,165.0","7,299.0","7,157.0","3.15M","2.67%"
"2021年11月11日","7,109.0","6,980.0","7,133.0","6,967.0","2.19M","1.35%"
"2021年11月10日","7,014.0","7,065.0","7,088.0","7,012.0","1.87M","-0.06%"
"2021年11月09日","7,018.0","7,212.0","7,239.0","6,992.0","2.64M","-1.31%"
"2021年11月08日","7,111.0","7,080.0","7,239.0","7,080.0","3.44M","1.43%"
"2021年11月05日","7,011.0","6,909.0","7,011.0","6,887.0","3.66M","1.76%"
"2021年11月04日","6,890.0","6,710.0","6,922.0","6,691.0","4.10M","1.82%"
"2021年11月02日","6,767.0","6,758.0","6,797.0","6,729.0","2.79M","-0.47%"
"2021年11月01日","6,799.0","6,654.0","6,799.0","6,619.0","4.13M","3.74%"
"2021年10月29日","6,554.0","6,584.0","6,650.0","6,524.0","4.69M","-1.44%"
"2021年10月28日","6,650.0","6,501.0","6,737.0","6,425.0","5.67M","-1.92%"
"2021年10月27日","6,780.0","6,823.0","6,825.0","6,692.0","2.67M","0.07%"
"2021年10月26日","6,775.0","6,832.0","6,868.0","6,769.0","2.36M","0.64%"
"2021年10月25日","6,732.0","6,649.0","6,809.0","6,646.0","1.98M","0.70%"
"2021年10月22日","6,685.0","6,658.0","6,767.0","6,631.0","2.30M","-0.10%"
"2021年10月21日","6,692.0","6,815.0","6,861.0","6,692.0","2.01M","-2.02%"
"2021年10月20日","6,830.0","6,751.0","6,908.0","6,750.0","3.71M","1.79%"
"2021年10月19日","6,710.0","6,728.0","6,753.0","6,680.0","1.78M","0.33%"
"2021年10月18日","6,688.0","6,670.0","6,725.0","6,650.0","1.86M","0.07%"
"2021年10月15日","6,683.0","6,637.0","6,729.0","6,618.0","2.93M","2.23%"
"2021年10月14日","6,537.0","6,454.0","6,549.0","6,454.0","1.78M","0.79%"
"2021年10月13日","6,486.0","6,544.0","6,566.0","6,486.0","2.06M","-0.66%"
"2021年10月12日","6,529.0","6,525.0","6,586.0","6,525.0","1.87M","-0.90%"
"2021年10月11日","6,588.0","6,386.0","6,589.0","6,357.0","3.46M","3.85%"
"2021年10月08日","6,344.0","6,350.0","6,430.0","6,329.0","2.91M","1.13%"
"2021年10月07日","6,273.0","6,293.0","6,366.0","6,251.0","2.85M","-1.06%"
"2021年10月06日","6,340.0","6,331.0","6,446.0","6,266.0","2.77M","0.25%"
"2021年10月05日","6,324.0","6,321.0","6,371.0","6,227.0","2.82M","-1.54%"
"2021年10月04日","6,423.0","6,537.0","6,559.0","6,351.0","2.70M","-0.59%"
"2021年10月01日","6,461.0","6,490.0","6,550.0","6,409.0","3.39M","-2.70%"
"2021年09月30日","6,640.0","6,578.0","6,689.0","6,541.0","3.64M","0.50%"
"2021年09月29日","6,607.0","6,790.0","6,790.0","6,551.0","5.27M","-4.70%"
"2021年09月28日","6,933.0","6,753.0","6,944.0","6,753.0","4.64M","1.36%"
"2021年09月27日","6,840.0","6,620.0","6,942.0","6,610.0","6.31M","4.75%"
"2021年09月24日","6,530.0","6,499.0","6,544.0","6,465.0","2.81M","3.32%"
"2021年09月22日","6,320.0","6,430.0","6,449.0","6,320.0","2.57M","-1.91%"
"2021年09月21日","6,443.0","6,381.0","6,492.0","6,381.0","2.64M","-2.36%"
"2021年09月17日","6,599.0","6,512.0","6,617.0","6,480.0","4.05M","0.83%"
"2021年09月16日","6,545.0","6,609.0","6,626.0","6,505.0","1.85M","-0.67%"
"2021年09月15日","6,589.0","6,597.0","6,632.0","6,571.0","2.29M","-1.61%"
"2021年09月14日","6,697.0","6,650.0","6,715.0","6,647.0","2.61M","0.93%"
"2021年09月13日","6,635.0","6,519.0","6,640.0","6,505.0","2.17M","1.04%"
"2021年09月10日","6,567.0","6,539.0","6,614.0","6,531.0","3.21M","0.21%"
"2021年09月09日","6,553.0","6,545.0","6,605.0","6,539.0","2.70M","-0.71%"
"2021年09月08日","6,600.0","6,500.0","6,619.0","6,491.0","3.78M","0.56%"
"2021年09月07日","6,563.0","6,630.0","6,662.0","6,529.0","3.27M","-0.67%"
"2021年09月06日","6,607.0","6,670.0","6,680.0","6,541.0","3.60M","1.66%"
"2021年09月03日","6,499.0","6,269.0","6,505.0","6,260.0","4.49M","4.77%"
"2021年09月02日","6,203.0","6,207.0","6,255.0","6,167.0","1.72M","0.45%"
"2021年09月01日","6,175.0","6,135.0","6,179.0","6,110.0","1.94M","1.48%"
"2021年08月31日","6,085.0","6,120.0","6,150.0","6,064.0","3.22M","-1.38%"
"2021年08月30日","6,170.0","6,111.0","6,206.0","6,100.0","1.84M","2.03%"
"2021年08月27日","6,047.0","6,032.0","6,053.0","5,995.0","1.67M","-0.41%"
"2021年08月26日","6,072.0","6,149.0","6,149.0","6,056.0","2.94M","-1.89%"
"2021年08月25日","6,189.0","6,181.0","6,237.0","6,154.0","1.68M","0.96%"
"2021年08月24日","6,130.0","6,105.0","6,188.0","6,105.0","1.60M","0.41%"
"2021年08月23日","6,105.0","5,996.0","6,126.0","5,993.0","1.94M","2.69%"
"2021年08月20日","5,945.0","6,028.0","6,071.0","5,927.0","2.79M","-1.21%"
"2021年08月19日","6,018.0","6,135.0","6,147.0","6,018.0","2.47M","-2.75%"
"2021年08月18日","6,188.0","6,201.0","6,240.0","6,180.0","1.59M","-0.72%"
"2021年08月17日","6,233.0","6,267.0","6,286.0","6,228.0","1.72M","0.13%"
"2021年08月16日","6,225.0","6,354.0","6,354.0","6,185.0","2.27M","-1.35%"
"2021年08月13日","6,310.0","6,240.0","6,336.0","6,219.0","1.74M","0.48%"
"2021年08月12日","6,280.0","6,333.0","6,366.0","6,276.0","3.06M","0.75%"
"2021年08月11日","6,233.0","6,149.0","6,239.0","6,111.0","2.37M","2.53%"
"2021年08月10日","6,079.0","6,020.0","6,108.0","6,005.0","2.27M","0.15%"
"2021年08月06日","6,070.0","6,075.0","6,117.0","6,051.0","1.70M","-0.36%"
"2021年08月05日","6,092.0","6,079.0","6,116.0","6,005.0","2.21M","0.15%"
"2021年08月04日","6,083.0","6,168.0","6,187.0","6,063.0","2.12M","-0.44%"
"2021年08月03日","6,110.0","6,150.0","6,171.0","6,093.0","2.73M","-1.20%"
"2021年08月02日","6,184.0","6,070.0","6,274.0","6,069.0","3.80M","-1.18%"
"2021年07月30日","6,258.0","6,475.0","6,497.0","6,250.0","4.04M","-2.39%"
"2021年07月29日","6,411.0","6,422.0","6,447.0","6,382.0","1.98M","-0.47%"
"2021年07月28日","6,441.0","6,437.0","6,496.0","6,422.0","1.80M","-0.79%"
"2021年07月27日","6,492.0","6,497.0","6,546.0","6,492.0","2.44M","-0.08%"
"2021年07月26日","6,497.0","6,496.0","6,533.0","6,465.0","3.16M","3.08%"
"2021年07月21日","6,303.0","6,400.0","6,422.0","6,303.0","2.29M","0.67%"
"2021年07月20日","6,261.0","6,240.0","6,333.0","6,219.0","3.30M","-1.25%"
"2021年07月19日","6,340.0","6,422.0","6,429.0","6,321.0","3.18M","-3.04%"
"2021年07月16日","6,539.0","6,427.0","6,585.0","6,421.0","4.86M","2.40%"
"2021年07月15日","6,386.0","6,320.0","6,500.0","6,310.0","6.30M","-3.53%"
"2021年07月14日","6,620.0","6,734.0","6,773.0","6,615.0","4.91M","-3.02%"
"2021年07月13日","6,826.0","6,798.0","6,853.0","6,781.0","3.89M","1.44%"
"2021年07月12日","6,729.0","6,700.0","6,755.0","6,698.0","3.42M","2.61%"
"2021年07月09日","6,558.0","6,438.0","6,580.0","6,420.0","4.43M","1.22%"
"2021年07月08日","6,479.0","6,469.0","6,569.0","6,465.0","3.11M","0.53%"
"2021年07月07日","6,445.0","6,500.0","6,537.0","6,428.0","3.03M","-1.39%"
"2021年07月06日","6,536.0","6,585.0","6,630.0","6,531.0","2.39M","-0.31%"
"2021年07月05日","6,556.0","6,448.0","6,589.0","6,443.0","2.70M","1.17%"
"2021年07月02日","6,480.0","6,385.0","6,483.0","6,372.0","2.65M","2.10%"
"2021年07月01日","6,347.0","6,425.0","6,437.0","6,314.0","2.15M","-0.22%"
"2021年06月30日","6,361.0","6,485.0","6,489.0","6,344.0","4.08M","-1.38%"
"2021年06月29日","6,450.0","6,430.0","6,507.0","6,419.0","3.40M","-0.60%"
"2021年06月28日","6,489.0","6,479.0","6,525.0","6,395.0","4.08M","1.22%"
"2021年06月25日","6,411.0","6,228.0","6,416.0","6,220.0","4.72M","4.11%"
"2021年06月24日","6,158.0","6,128.0","6,178.0","6,121.0","1.73M","-0.48%"
"2021年06月23日","6,188.0","6,229.0","6,294.0","6,188.0","3.34M","-1.12%"
"2021年06月22日","6,258.0","6,087.0","6,270.0","6,075.0","4.93M","6.30%"
"2021年06月21日","5,887.0","5,988.0","6,036.0","5,877.0","5.12M","-4.15%"
"2021年06月18日","6,142.0","6,186.0","6,202.0","6,142.0","3.18M","-0.63%"
"2021年06月17日","6,181.0","6,185.0","6,248.0","6,178.0","3.50M","-1.12%"
"2021年06月16日","6,251.0","6,152.0","6,270.0","6,150.0","3.84M","2.48%"
"2021年06月15日","6,100.0","6,012.0","6,111.0","6,002.0","3.24M","1.13%"
"2021年06月14日","6,032.0","6,017.0","6,052.0","5,997.0","1.73M","0.82%"
"2021年06月11日","5,983.0","6,014.0","6,069.0","5,966.0","3.91M","-1.48%"
"2021年06月10日","6,073.0","6,150.0","6,170.0","6,064.0","3.24M","-1.32%"
"2021年06月09日","6,154.0","6,058.0","6,178.0","6,054.0","3.83M","1.08%"
"2021年06月08日","6,088.0","6,065.0","6,098.0","6,034.0","3.06M","0.13%"
"2021年06月07日","6,080.0","6,063.0","6,131.0","5,998.0","4.96M","0.28%"
"2021年06月04日","6,063.0","5,989.0","6,080.0","5,967.0","3.63M","2.07%"
"2021年06月03日","5,940.0","5,860.0","5,989.0","5,851.0","2.81M","1.37%"
"2021年06月02日","5,860.0","5,896.0","5,901.0","5,837.0","3.01M","0.14%"
"2021年06月01日","5,852.0","5,768.0","5,859.0","5,731.0","2.82M","2.02%"
"2021年05月31日","5,736.0","5,790.0","5,830.0","5,717.0","2.66M","-1.38%"
"2021年05月28日","5,816.0","5,715.0","5,820.0","5,708.0","4.09M","2.56%"
"2021年05月27日","5,671.0","5,617.0","5,671.0","5,566.0","6.86M","-0.04%"
"2021年05月26日","5,673.0","5,668.0","5,725.0","5,637.0","3.21M","0.55%"
"2021年05月25日","5,642.0","5,700.0","5,723.0","5,640.0","2.87M","0.16%"
"2021年05月24日","5,633.0","5,550.0","5,679.0","5,550.0","3.26M","2.33%"
"2021年05月21日","5,505.0","5,436.0","5,536.0","5,423.0","3.61M","1.76%"
"2021年05月20日","5,410.0","5,400.0","5,451.0","5,383.0","2.15M","0.07%"
"2021年05月19日","5,406.0","5,398.0","5,415.0","5,336.0","2.82M","-1.44%"
"2021年05月18日","5,485.0","5,436.0","5,494.0","5,376.0","3.14M","1.88%"
"2021年05月17日","5,384.0","5,438.0","5,458.0","5,356.0","2.58M","0.00%"
"2021年05月14日","5,384.0","5,350.0","5,392.0","5,309.0","2.64M","2.55%"
"2021年05月13日","5,250.0","5,282.0","5,368.0","5,245.0","3.30M","-2.45%"
"2021年05月12日","5,382.0","5,402.0","5,413.0","5,310.0","5.07M","2.14%"
"2021年05月11日","5,269.0","5,305.0","5,340.0","5,250.0","3.23M","-2.14%"
"2021年05月10日","5,384.0","5,471.0","5,510.0","5,357.0","2.92M","-1.55%"
"2021年05月07日","5,469.0","5,379.0","5,509.0","5,370.0","3.04M","1.45%"
"2021年05月06日","5,391.0","5,492.0","5,522.0","5,362.0","5.07M","0.19%"
"2021年04月30日","5,381.0","5,330.0","5,477.0","5,329.0","8.94M","5.30%"
"2021年04月28日","5,110.0","5,152.0","5,184.0","5,103.0","2.54M","0.61%"
"2021年04月27日","5,079.0","5,159.0","5,169.0","5,066.0","2.17M","-1.93%"
"2021年04月26日","5,179.0","5,194.0","5,204.0","5,151.0","1.76M","0.64%"
"2021年04月23日","5,146.0","5,115.0","5,150.0","5,100.0","2.05M","0.49%"
"2021年04月22日","5,121.0","5,030.0","5,121.0","5,014.0","2.47M","2.98%"
"2021年04月21日","4,973.0","4,968.0","4,997.0","4,913.0","2.99M","-1.64%"
"2021年04月20日","5,056.0","5,101.0","5,103.0","5,020.0","2.93M","-2.62%"
"2021年04月19日","5,192.0","5,163.0","5,220.0","5,144.0","1.27M","0.41%"
"2021年04月16日","5,171.0","5,158.0","5,195.0","5,123.0","2.06M","0.98%"
"2021年04月15日","5,121.0","5,160.0","5,189.0","5,112.0","2.18M","-0.39%"
"2021年04月14日","5,141.0","5,225.0","5,225.0","5,110.0","3.05M","-2.06%"
"2021年04月13日","5,249.0","5,170.0","5,288.0","5,164.0","3.84M","3.04%"
"2021年04月12日","5,094.0","5,196.0","5,196.0","5,083.0","2.59M","-0.80%"
"2021年04月09日","5,135.0","4,998.0","5,160.0","4,980.0","4.37M","2.66%"
"2021年04月08日","5,002.0","5,075.0","5,084.0","4,967.0","3.31M","-0.87%"
"2021年04月07日","5,046.0","4,954.0","5,065.0","4,909.0","4.75M","2.17%"
"2021年04月06日","4,939.0","4,919.0","5,006.0","4,893.0","3.94M","0.78%"
"2021年04月05日","4,901.0","4,907.0","4,922.0","4,832.0","4.82M","-0.93%"
"2021年04月02日","4,947.0","4,898.0","4,975.0","4,883.0","3.99M","0.43%"
"2021年04月01日","4,926.0","5,120.0","5,130.0","4,872.0","9.45M","-1.56%"
"2021年03月31日","5,004.0","5,340.0","5,405.0","5,000.0","8.21M","-7.30%"
"2021年03月30日","5,398.0","5,354.0","5,404.0","5,302.0","2.19M","0.97%"
"2021年03月29日","5,346.0","5,450.0","5,452.0","5,280.0","3.83M","-0.94%"
"2021年03月26日","5,397.0","5,450.0","5,515.0","5,381.0","3.42M","1.20%"
"2021年03月25日","5,333.0","5,249.0","5,367.0","5,235.0","3.28M","2.70%"
"2021年03月24日","5,193.0","5,236.0","5,299.0","5,191.0","3.82M","-1.96%"
"2021年03月23日","5,297.0","5,415.0","5,434.0","5,293.0","2.75M","-2.05%"
"2021年03月22日","5,408.0","5,361.0","5,449.0","5,355.0","2.30M","-0.42%"
"2021年03月19日","5,431.0","5,295.0","5,442.0","5,290.0","3.79M","0.67%"
"2021年03月18日","5,395.0","5,474.0","5,475.0","5,381.0","4.20M","-0.28%"
"2021年03月17日","5,410.0","5,370.0","5,424.0","5,358.0","1.90M","0.39%"
"2021年03月16日","5,389.0","5,411.0","5,414.0","5,361.0","2.27M","-0.28%"
"2021年03月15日","5,404.0","5,367.0","5,410.0","5,344.0","2.71M","0.92%"
"2021年03月12日","5,355.0","5,287.0","5,360.0","5,236.0","3.60M","2.43%"
"2021年03月11日","5,228.0","5,237.0","5,293.0","5,202.0","2.65M","-0.04%"
"2021年03月10日","5,230.0","5,150.0","5,243.0","5,111.0","4.16M","-0.78%"
"2021年03月09日","5,271.0","5,370.0","5,384.0","5,220.0","3.69M","-0.13%"
"2021年03月08日","5,278.0","5,280.0","5,339.0","5,224.0","4.04M","0.63%"
"2021年03月05日","5,245.0","5,132.0","5,252.0","5,109.0","4.18M","1.77%"
"2021年03月04日","5,154.0","5,151.0","5,180.0","5,088.0","3.84M","0.12%"
"2021年03月03日","5,148.0","5,040.0","5,148.0","5,021.0","2.71M","2.22%"
"2021年03月02日","5,036.0","5,100.0","5,124.0","4,982.0","3.06M","-1.04%"
"2021年03月01日","5,089.0","4,980.0","5,090.0","4,958.0","3.33M","4.37%"
"2021年02月26日","4,876.0","5,040.0","5,075.0","4,874.0","4.70M","-5.34%"
"2021年02月25日","5,151.0","5,077.0","5,151.0","5,045.0","4.34M","3.81%"
"2021年02月24日","4,962.0","4,995.0","5,100.0","4,955.0","5.42M","0.57%"
"2021年02月22日","4,934.0","4,940.0","5,000.0","4,920.0","2.75M","1.84%"
"2021年02月19日","4,845.0","4,758.0","4,893.0","4,755.0","2.58M","0.94%"
"2021年02月18日","4,800.0","4,903.0","4,959.0","4,795.0","3.81M","-3.48%"
"2021年02月17日","4,973.0","4,911.0","4,984.0","4,883.0","3.31M","1.70%"
"2021年02月16日","4,890.0","4,830.0","4,891.0","4,825.0","2.55M","0.91%"
"2021年02月15日","4,846.0","4,900.0","4,920.0","4,833.0","3.15M","-0.94%"
"2021年02月12日","4,892.0","4,965.0","4,970.0","4,834.0","3.49M","-0.91%"
"2021年02月10日","4,937.0","4,816.0","4,944.0","4,811.0","3.68M","1.92%"
"2021年02月09日","4,844.0","4,951.0","4,952.0","4,803.0","4.74M","-3.06%"
"2021年02月08日","4,997.0","4,889.0","5,000.0","4,876.0","5.22M","3.24%"
"2021年02月05日","4,840.0","4,805.0","4,885.0","4,802.0","5.30M","1.34%"
"2021年02月04日","4,776.0","4,567.0","4,778.0","4,567.0","6.48M","4.71%"
"2021年02月03日","4,561.0","4,497.0","4,565.0","4,482.0","3.98M","2.08%"
"2021年02月02日","4,468.0","4,459.0","4,492.0","4,410.0","3.39M","-0.16%"
"2021年02月01日","4,475.0","4,320.0","4,512.0","4,313.0","3.82M","3.92%"
"2021年01月29日","4,306.0","4,380.0","4,412.0","4,295.0","2.57M","-2.03%"
"2021年01月28日","4,395.0","4,294.0","4,435.0","4,294.0","3.26M","-0.72%"
"2021年01月27日","4,427.0","4,363.0","4,427.0","4,348.0","2.20M","1.21%"
"2021年01月26日","4,374.0","4,400.0","4,409.0","4,374.0","1.70M","-0.55%"
"2021年01月25日","4,398.0","4,369.0","4,422.0","4,343.0","2.10M","0.92%"
"2021年01月22日","4,358.0","4,301.0","4,363.0","4,295.0","1.56M","-0.05%"
"2021年01月21日","4,360.0","4,384.0","4,404.0","4,351.0","1.95M","0.02%"
"2021年01月20日","4,359.0","4,378.0","4,384.0","4,328.0","2.12M","-0.50%"
"2021年01月19日","4,381.0","4,270.0","4,397.0","4,267.0","2.90M","2.60%"
"2021年01月18日","4,270.0","4,337.0","4,343.0","4,265.0","2.44M","-1.70%"
"2021年01月15日","4,344.0","4,340.0","4,375.0","4,314.0","2.69M","0.09%"
"2021年01月14日","4,340.0","4,310.0","4,375.0","4,300.0","2.01M","0.28%"
"2021年01月13日","4,328.0","4,316.0","4,366.0","4,314.0","2.40M","-0.55%"
"2021年01月12日","4,352.0","4,350.0","4,371.0","4,295.0","3.34M","0.72%"
"2021年01月08日","4,321.0","4,289.0","4,324.0","4,258.0","4.25M","0.49%"
"2021年01月07日","4,300.0","4,190.0","4,317.0","4,188.0","5.17M","5.29%"
"2021年01月06日","4,084.0","4,055.0","4,100.0","4,043.0","2.49M","-0.02%"
"2021年01月05日","4,085.0","4,041.0","4,100.0","4,023.0","2.42M","1.49%"
"2021年01月04日","4,025.0","4,115.0","4,115.0","3,966.0","1.88M","-0.98%"
"2020年12月30日","4,065.0","4,061.0","4,097.0","4,042.0","1.95M","0.12%"
"2020年12月29日","4,060.0","4,085.0","4,094.0","4,028.0","2.13M","0.37%"
"2020年12月28日","4,045.0","4,028.0","4,055.0","3,998.0","1.61M","0.35%"
"2020年12月25日","4,031.0","4,025.0","4,052.0","4,010.0","1.27M","-0.20%"
"2020年12月24日","4,039.0","4,069.0","4,071.0","4,028.0","1.45M","0.82%"
"2020年12月23日","4,006.0","4,005.0","4,038.0","3,976.0","1.85M","-0.94%"
"2020年12月22日","4,044.0","4,100.0","4,107.0","4,025.0","2.68M","-3.28%"
"2020年12月21日","4,181.0","4,230.0","4,263.0","4,158.0","1.74M","-0.55%"
"2020年12月18日","4,204.0","4,185.0","4,222.0","4,180.0","4.74M","0.33%"
"2020年12月17日","4,190.0","4,210.0","4,227.0","4,186.0","2.30M","0.22%"
"2020年12月16日","4,181.0","4,206.0","4,214.0","4,169.0","2.43M","0.31%"
"2020年12月15日","4,168.0","4,165.0","4,177.0","4,122.0","2.62M","-0.14%"
"2020年12月14日","4,174.0","4,185.0","4,218.0","4,166.0","2.85M","0.68%"
"2020年12月11日","4,146.0","4,205.0","4,211.0","4,125.0","3.77M","-1.45%"
"2020年12月10日","4,207.0","4,240.0","4,292.0","4,201.0","5.27M","-0.05%"
"2020年12月09日","4,209.0","4,111.0","4,230.0","4,100.0","4.34M","4.23%"
"2020年12月08日","4,038.0","4,060.0","4,085.0","4,032.0","1.77M","-0.66%"
"2020年12月07日","4,065.0","4,150.0","4,157.0","4,065.0","3.13M","-0.83%"
"2020年12月04日","4,099.0","4,022.0","4,099.0","4,014.0","2.74M","0.81%"
"2020年12月03日","4,066.0","4,034.0","4,080.0","4,022.0","2.27M","1.32%"
"2020年12月02日","4,013.0","4,055.0","4,056.0","3,996.0","3.11M","1.16%"
"2020年12月01日","3,967.0","3,903.0","3,982.0","3,897.0","2.86M","0.03%"
"2020年11月30日","3,966.0","4,085.0","4,087.0","3,939.0","5.58M","-2.96%"
"2020年11月27日","4,087.0","4,031.0","4,120.0","4,030.0","3.55M","0.59%"
"2020年11月26日","4,063.0","3,951.0","4,064.0","3,950.0","2.93M","1.50%"
"2020年11月25日","4,003.0","4,051.0","4,090.0","3,993.0","3.70M","0.55%"
"2020年11月24日","3,981.0","3,996.0","4,025.0","3,967.0","3.73M","0.48%"
"2020年11月20日","3,962.0","3,960.0","3,977.0","3,911.0","2.42M","-0.03%"
"2020年11月19日","3,963.0","3,920.0","3,968.0","3,866.0","3.60M","0.05%"
"2020年11月18日","3,961.0","3,950.0","4,005.0","3,932.0","3.58M","-0.23%"
"2020年11月17日","3,970.0","4,012.0","4,012.0","3,938.0","4.62M","2.53%"
"2020年11月16日","3,872.0","3,864.0","3,900.0","3,820.0","5.67M","-0.51%"
"2020年11月13日","3,892.0","3,949.0","3,966.0","3,871.0","3.57M","-3.16%"
"2020年11月12日","4,019.0","4,021.0","4,080.0","3,986.0","3.63M","-1.50%"
"2020年11月11日","4,080.0","3,970.0","4,085.0","3,963.0","7.85M","5.15%"
"2020年11月10日","3,880.0","3,731.0","3,938.0","3,720.0","9.40M","8.05%"
"2020年11月09日","3,591.0","3,548.0","3,606.0","3,548.0","2.18M","0.76%"
"2020年11月06日","3,564.0","3,542.0","3,580.0","3,532.0","3.21M","0.06%"
"2020年11月05日","3,562.0","3,580.0","3,584.0","3,523.0","2.88M","-0.42%"
"2020年11月04日","3,577.0","3,609.0","3,656.0","3,569.0","3.69M","1.68%"
"2020年11月02日","3,518.0","3,532.0","3,591.0","3,511.0","3.21M","0.46%"
"2020年10月30日","3,502.0","3,677.0","3,680.0","3,481.0","5.43M","-5.33%"
"2020年10月29日","3,699.0","3,601.0","3,714.0","3,591.0","4.80M","4.29%"
"2020年10月28日","3,547.0","3,586.0","3,591.0","3,547.0","3.65M","-2.61%"
"2020年10月27日","3,642.0","3,628.0","3,642.0","3,573.0","2.33M","-0.71%"
"2020年10月26日","3,668.0","3,657.0","3,705.0","3,646.0","2.46M","0.49%"
"2020年10月23日","3,650.0","3,571.0","3,656.0","3,543.0","2.90M","2.82%"
"2020年10月22日","3,550.0","3,561.0","3,593.0","3,540.0","2.79M","-1.58%"
"2020年10月21日","3,607.0","3,555.0","3,621.0","3,546.0","2.31M","2.18%"
"2020年10月20日","3,530.0","3,572.0","3,574.0","3,522.0","1.70M","-1.70%"
"2020年10月19日","3,591.0","3,580.0","3,612.0","3,571.0","1.43M","1.15%"
"2020年10月16日","3,550.0","3,607.0","3,607.0","3,550.0","2.27M","-0.08%"
"2020年10月15日","3,553.0","3,554.0","3,574.0","3,526.0","2.19M","-0.03%"
"2020年10月14日","3,554.0","3,603.0","3,603.0","3,551.0","2.17M","-1.90%"
"2020年10月13日","3,623.0","3,630.0","3,648.0","3,603.0","2.74M","0.86%"
"2020年10月12日","3,592.0","3,632.0","3,636.0","3,591.0","1.90M","-1.59%"
"2020年10月09日","3,650.0","3,699.0","3,699.0","3,641.0","2.07M","-0.73%"
"2020年10月08日","3,677.0","3,665.0","3,698.0","3,651.0","2.40M","0.03%"
"2020年10月07日","3,676.0","3,659.0","3,679.0","3,641.0","1.63M","-0.27%"
"2020年10月06日","3,686.0","3,652.0","3,692.0","3,649.0","2.74M","0.99%"
"2020年10月05日","3,650.0","3,571.0","3,650.0","3,563.0","3.66M","4.05%"
"2020年10月02日","3,508.0","3,543.0","3,597.0","3,488.0","3.24M","-0.99%"
"2020年09月30日","3,543.0","3,614.0","3,641.0","3,543.0","4.31M","-3.54%"
"2020年09月29日","3,673.0","3,701.0","3,719.0","3,658.0","2.73M","-1.40%"
"2020年09月28日","3,725.0","3,642.0","3,725.0","3,641.0","4.01M","3.24%"
"2020年09月25日","3,608.0","3,588.0","3,627.0","3,570.0","4.43M","1.12%"
"2020年09月24日","3,568.0","3,623.0","3,635.0","3,549.0","4.55M","-3.28%"
"2020年09月23日","3,689.0","3,610.0","3,713.0","3,610.0","3.00M","0.57%"
"2020年09月18日","3,668.0","3,680.0","3,705.0","3,665.0","3.22M","-0.38%"
"2020年09月17日","3,682.0","3,699.0","3,729.0","3,679.0","3.06M","-0.62%"
"2020年09月16日","3,705.0","3,723.0","3,734.0","3,691.0","2.55M","-1.67%"
"2020年09月15日","3,768.0","3,721.0","3,789.0","3,712.0","2.90M","0.13%"
"2020年09月14日","3,763.0","3,751.0","3,778.0","3,743.0","2.44M","1.65%"
"2020年09月11日","3,702.0","3,724.0","3,726.0","3,667.0","3.17M","-0.30%"
"2020年09月10日","3,713.0","3,640.0","3,713.0","3,636.0","3.41M","2.71%"
"2020年09月09日","3,615.0","3,572.0","3,626.0","3,564.0","3.21M","0.36%"
"2020年09月08日","3,602.0","3,587.0","3,609.0","3,576.0","2.01M","1.04%"
"2020年09月07日","3,565.0","3,552.0","3,590.0","3,545.0","2.30M","0.31%"
"2020年09月04日","3,554.0","3,499.0","3,560.0","3,494.0","2.53M","0.14%"
"2020年09月03日","3,549.0","3,522.0","3,558.0","3,522.0","2.82M","1.87%"
"2020年09月02日","3,484.0","3,484.0","3,484.0","3,440.0","2.54M","0.78%"
"2020年09月01日","3,457.0","3,502.0","3,510.0","3,407.0","3.55M","-2.07%"
"2020年08月31日","3,530.0","3,540.0","3,578.0","3,527.0","2.64M","0.00%"
"2020年08月28日","3,530.0","3,543.0","3,604.0","3,493.0","4.53M","-0.25%"
"2020年08月27日","3,539.0","3,533.0","3,572.0","3,524.0","1.88M","-0.06%"
"2020年08月26日","3,541.0","3,527.0","3,560.0","3,523.0","2.41M","-1.09%"
"2020年08月25日","3,580.0","3,560.0","3,615.0","3,550.0","2.94M","2.31%"
"2020年08月24日","3,499.0","3,525.0","3,525.0","3,473.0","2.26M","-1.24%"
"2020年08月21日","3,543.0","3,577.0","3,621.0","3,537.0","2.51M","-0.08%"
"2020年08月20日","3,546.0","3,479.0","3,592.0","3,479.0","4.16M","0.68%"
"2020年08月19日","3,522.0","3,497.0","3,564.0","3,486.0","2.74M","-0.14%"
"2020年08月18日","3,527.0","3,538.0","3,565.0","3,497.0","3.79M","-1.78%"
"2020年08月17日","3,591.0","3,537.0","3,602.0","3,536.0","2.38M","1.15%"
"2020年08月14日","3,550.0","3,556.0","3,589.0","3,546.0","2.15M","-0.31%"
"2020年08月13日","3,561.0","3,589.0","3,590.0","3,541.0","3.02M","-0.06%"
"2020年08月12日","3,563.0","3,538.0","3,571.0","3,503.0","3.33M","1.54%"
"2020年08月11日","3,509.0","3,390.0","3,513.0","3,388.0","4.17M","5.69%"
"2020年08月07日","3,320.0","3,360.0","3,374.0","3,293.0","2.59M","-2.09%"
"2020年08月06日","3,391.0","3,370.0","3,454.0","3,370.0","2.38M","0.18%"
"2020年08月05日","3,385.0","3,284.0","3,392.0","3,283.0","3.73M","3.20%"
"2020年08月04日","3,280.0","3,274.0","3,305.0","3,254.0","2.89M","0.18%"
"2020年08月03日","3,274.0","3,159.0","3,275.0","3,133.0","3.63M","4.67%"
"2020年07月31日","3,128.0","3,218.0","3,224.0","3,122.0","5.74M","-1.04%"
"2020年07月30日","3,161.0","3,135.0","3,190.0","3,135.0","3.10M","-0.44%"
"2020年07月29日","3,175.0","3,225.0","3,243.0","3,171.0","3.48M","-3.05%"
"2020年07月28日","3,275.0","3,314.0","3,334.0","3,275.0","3.15M","-1.95%"
"2020年07月27日","3,340.0","3,294.0","3,354.0","3,282.0","4.10M","-1.74%"
"2020年07月22日","3,399.0","3,439.0","3,440.0","3,399.0","3.75M","-2.30%"
"2020年07月21日","3,479.0","3,545.0","3,547.0","3,448.0","3.74M","-0.60%"
"2020年07月20日","3,500.0","3,567.0","3,571.0","3,485.0","3.13M","-0.65%"
"2020年07月17日","3,523.0","3,520.0","3,595.0","3,508.0","5.38M","2.68%"
"2020年07月16日","3,431.0","3,405.0","3,451.0","3,389.0","3.04M","-0.64%"
"2020年07月15日","3,453.0","3,438.0","3,479.0","3,422.0","2.35M","1.47%"
"2020年07月14日","3,403.0","3,382.0","3,416.0","3,374.0","2.74M","-0.18%"
"2020年07月13日","3,409.0","3,424.0","3,431.0","3,390.0","2.58M","2.00%"
"2020年07月10日","3,342.0","3,390.0","3,393.0","3,342.0","3.00M","-1.24%"
"2020年07月09日","3,384.0","3,402.0","3,425.0","3,369.0","2.54M","-0.21%"
"2020年07月08日","3,391.0","3,419.0","3,452.0","3,391.0","2.65M","-1.82%"
"2020年07月07日","3,454.0","3,497.0","3,498.0","3,424.0","3.13M","-1.23%"
"2020年07月06日","3,497.0","3,430.0","3,509.0","3,401.0","3.95M","3.31%"
"2020年07月03日","3,385.0","3,346.0","3,402.0","3,336.0","2.86M","1.80%"
"2020年07月02日","3,325.0","3,306.0","3,358.0","3,284.0","2.99M","-0.81%"
"2020年07月01日","3,352.0","3,437.0","3,439.0","3,343.0","2.38M","-1.50%"
"2020年06月30日","3,403.0","3,460.0","3,481.0","3,399.0","3.21M","0.24%"
"2020年06月29日","3,395.0","3,390.0","3,405.0","3,351.0","3.90M","-1.54%"
"2020年06月26日","3,448.0","3,414.0","3,457.0","3,403.0","2.53M","1.41%"
"2020年06月25日","3,400.0","3,400.0","3,434.0","3,378.0","3.51M","-2.19%"
"2020年06月24日","3,476.0","3,500.0","3,513.0","3,474.0","2.75M","-1.47%"
"2020年06月23日","3,528.0","3,498.0","3,554.0","3,441.0","2.89M","1.97%"
"2020年06月22日","3,460.0","3,454.0","3,496.0","3,442.0","1.57M","-0.83%"
"2020年06月19日","3,489.0","3,532.0","3,534.0","3,465.0","4.12M","-1.50%"
"2020年06月18日","3,542.0","3,500.0","3,560.0","3,487.0","2.43M","-0.67%"
"2020年06月17日","3,566.0","3,606.0","3,623.0","3,554.0","2.27M","-0.83%"
"2020年06月16日","3,596.0","3,550.0","3,626.0","3,521.0","4.29M","4.99%"
"2020年06月15日","3,425.0","3,521.0","3,538.0","3,422.0","3.42M","-4.14%"
"2020年06月12日","3,573.0","3,417.0","3,592.0","3,403.0","5.76M","1.28%"
"2020年06月11日","3,528.0","3,586.0","3,632.0","3,516.0","5.63M","-4.88%"
"2020年06月10日","3,709.0","3,705.0","3,755.0","3,700.0","2.82M","-1.38%"
"2020年06月09日","3,761.0","3,716.0","3,766.0","3,681.0","3.56M","0.21%"
"2020年06月08日","3,753.0","3,823.0","3,845.0","3,741.0","5.89M","-0.21%"
"2020年06月05日","3,761.0","3,710.0","3,802.0","3,692.0","5.57M","2.70%"
"2020年06月04日","3,662.0","3,724.0","3,725.0","3,611.0","3.58M","0.03%"
"2020年06月03日","3,661.0","3,720.0","3,755.0","3,640.0","4.67M","0.58%"
"2020年06月02日","3,640.0","3,600.0","3,686.0","3,592.0","5.39M","1.70%"
"2020年06月01日","3,579.0","3,600.0","3,600.0","3,484.0","4.97M","3.59%"
"2020年05月29日","3,455.0","3,497.0","3,525.0","3,410.0","6.48M","-3.49%"
"2020年05月28日","3,580.0","3,536.0","3,620.0","3,525.0","5.44M","4.22%"
"2020年05月27日","3,435.0","3,399.0","3,474.0","3,388.0","3.56M","0.76%"
"2020年05月26日","3,409.0","3,315.0","3,465.0","3,296.0","3.92M","4.47%"
"2020年05月25日","3,263.0","3,257.0","3,270.0","3,232.0","1.19M","1.97%"
"2020年05月22日","3,200.0","3,197.0","3,239.0","3,166.0","2.49M","-1.08%"
"2020年05月21日","3,235.0","3,298.0","3,320.0","3,232.0","2.66M","-0.80%"
"2020年05月20日","3,261.0","3,212.0","3,274.0","3,201.0","2.45M","0.25%"
"2020年05月19日","3,253.0","3,230.0","3,279.0","3,209.0","3.62M","4.63%"
"2020年05月18日","3,109.0","3,077.0","3,124.0","3,064.0","1.95M","0.65%"
"2020年05月15日","3,089.0","3,135.0","3,156.0","3,062.0","2.44M","0.00%"
"2020年05月14日","3,089.0","3,184.0","3,198.0","3,082.0","2.92M","-3.74%"
"2020年05月13日","3,209.0","3,227.0","3,238.0","3,175.0","3.26M","-2.05%"
"2020年05月12日","3,276.0","3,244.0","3,291.0","3,214.0","3.40M","0.24%"
"2020年05月11日","3,268.0","3,234.0","3,300.0","3,231.0","2.66M","1.97%"
"2020年05月08日","3,205.0","3,143.0","3,219.0","3,115.0","3.00M","4.13%"
"2020年05月07日","3,078.0","3,074.0","3,088.0","3,050.0","2.85M","-0.55%"
"2020年05月01日","3,095.0","3,204.0","3,208.0","3,078.0","3.34M","-4.50%"
"2020年04月30日","3,241.0","3,202.0","3,281.0","3,181.0","6.79M","6.19%"
"2020年04月28日","3,052.0","2,997.0","3,062.0","2,984.0","2.82M","0.16%"
"2020年04月27日","3,047.0","2,910.0","3,050.0","2,908.0","3.73M","4.73%"
"2020年04月24日","2,909.5","2,894.5","2,913.5","2,859.5","3.38M","0.50%"
"2020年04月23日","2,895.0","2,900.0","2,922.0","2,855.0","3.98M","0.17%"
"2020年04月22日","2,890.0","2,990.0","2,991.5","2,868.0","4.78M","-4.97%"
"2020年04月21日","3,041.0","3,027.0","3,081.0","3,023.0","3.09M","-0.85%"
"2020年04月20日","3,067.0","3,038.0","3,092.0","3,032.0","2.06M","-1.32%"
"2020年04月17日","3,108.0","3,103.0","3,188.0","3,085.0","2.85M","1.40%"
"2020年04月16日","3,065.0","3,100.0","3,100.0","3,029.0","2.84M","-2.67%"
"2020年04月15日","3,149.0","3,164.0","3,181.0","3,114.0","2.41M","-0.38%"
"2020年04月14日","3,161.0","3,063.0","3,174.0","3,058.0","2.48M","2.66%"
"2020年04月13日","3,079.0","3,050.0","3,113.0","3,044.0","1.96M","-1.57%"
"2020年04月10日","3,128.0","3,157.0","3,157.0","3,051.0","3.06M","-1.23%"
"2020年04月09日","3,167.0","3,211.0","3,212.0","3,130.0","2.62M","0.54%"
"2020年04月08日","3,150.0","3,107.0","3,188.0","3,061.0","3.72M","0.38%"
"2020年04月07日","3,138.0","3,166.0","3,218.0","3,057.0","3.87M","2.42%"
"2020年04月06日","3,064.0","2,948.5","3,077.0","2,920.0","5.82M","4.38%"
"2020年04月03日","2,935.5","2,947.0","3,014.0","2,900.0","3.85M","-0.74%"
"2020年04月02日","2,957.5","2,936.0","3,002.0","2,907.5","5.86M","-3.82%"
"2020年04月01日","3,075.0","3,101.0","3,216.0","3,026.0","5.43M","-2.16%"